{
	"textures": {
		"0": "gauss_gun/metal1",
		"1": "gauss_gun/metaldark",
		"particle": "gauss_gun/metal1"
	},
	"elements": [
		{
			"from": [7.84709, 6.80978, 7.75],
			"to": [8.34709, 8.33478, 8.25],
			"rotation": {"angle": 0, "axis": "z", "origin": [8, 7.9877, 8.35625]},
			"faces": {
				"north": {"uv": [0, 0, 0.5, 0.5], "texture": "#0"},
				"east": {"uv": [0, 0, 6, 0.5], "texture": "#0"},
				"south": {"uv": [0, 0, 0.5, 0.5], "texture": "#0"},
				"west": {"uv": [0, 0, 6, 0.5], "texture": "#0"},
				"up": {"uv": [0, 0, 0.5, 6], "texture": "#0"},
				"down": {"uv": [0, 0, 0.5, 6], "texture": "#0"}
			}
		},
		{
			"from": [7.69709, 8.31134, 7.8625],
			"to": [8.49709, 8.55978, 8.1375],
			"rotation": {"angle": 0, "axis": "y", "origin": [8.09709, 8.43556, 8]},
			"faces": {
				"north": {"uv": [0, 0, 0.5, 0.5], "texture": "#0"},
				"east": {"uv": [0, 0, 6, 0.5], "texture": "#0"},
				"south": {"uv": [0, 0, 0.5, 0.5], "texture": "#0"},
				"west": {"uv": [0, 0, 6, 0.5], "texture": "#0"},
				"up": {"uv": [0, 0, 0.5, 6], "texture": "#0"},
				"down": {"uv": [0, 0, 0.5, 6], "texture": "#0"}
			}
		},
		{
			"from": [7.95959, 8.31134, 7.6],
			"to": [8.23459, 8.56759, 8.4],
			"rotation": {"angle": 0, "axis": "y", "origin": [8.09709, 8.43556, 8]},
			"faces": {
				"north": {"uv": [0, 0, 6, 0.5], "texture": "#0"},
				"east": {"uv": [0, 0, 0.5, 0.5], "texture": "#0"},
				"south": {"uv": [0, 0, 6, 0.5], "texture": "#0"},
				"west": {"uv": [0, 0, 0.5, 0.5], "texture": "#0"},
				"up": {"uv": [0, 0, 0.5, 6], "rotation": 270, "texture": "#0"},
				"down": {"uv": [0, 0, 0.5, 6], "rotation": 90, "texture": "#0"}
			}
		},
		{
			"from": [7.90959, 8.32697, 7.625],
			"to": [8.28459, 8.55197, 8.375],
			"rotation": {"angle": 45, "axis": "y", "origin": [8.09709, 8.43556, 8]},
			"faces": {
				"north": {"uv": [0, 0, 6, 0.5], "texture": "#0"},
				"east": {"uv": [0, 0, 0.5, 0.5], "texture": "#0"},
				"south": {"uv": [0, 0, 6, 0.5], "texture": "#0"},
				"west": {"uv": [0, 0, 0.5, 0.5], "texture": "#0"},
				"up": {"uv": [0, 0, 0.5, 6], "rotation": 90, "texture": "#0"},
				"down": {"uv": [0, 0, 0.5, 6], "rotation": 270, "texture": "#0"}
			}
		},
		{
			"from": [7.90959, 8.31916, 7.625],
			"to": [8.28459, 8.54416, 8.375],
			"rotation": {"angle": -45, "axis": "y", "origin": [8.09709, 8.43556, 8]},
			"faces": {
				"north": {"uv": [0, 0, 6, 0.5], "texture": "#0"},
				"east": {"uv": [0, 0, 0.5, 0.5], "texture": "#0"},
				"south": {"uv": [0, 0, 6, 0.5], "texture": "#0"},
				"west": {"uv": [0, 0, 0.5, 0.5], "texture": "#0"},
				"up": {"uv": [0, 0, 0.5, 6], "rotation": 90, "texture": "#0"},
				"down": {"uv": [0, 0, 0.5, 6], "rotation": 270, "texture": "#0"}
			}
		},
		{
			"from": [7.82209, 8.08478, 7.725],
			"to": [8.37209, 8.10978, 8.275],
			"rotation": {"angle": 0, "axis": "y", "origin": [8, 7.9877, 8.35625]},
			"faces": {
				"north": {"uv": [0, 0, 0.5, 0.5], "texture": "#1"},
				"east": {"uv": [0, 0, 6, 0.5], "texture": "#1"},
				"south": {"uv": [0, 0, 0.5, 0.5], "texture": "#1"},
				"west": {"uv": [0, 0, 6, 0.5], "texture": "#1"},
				"up": {"uv": [0, 0, 0.5, 6], "texture": "#1"},
				"down": {"uv": [0, 0, 0.5, 6], "texture": "#1"}
			}
		},
		{
			"from": [7.82209, 8.02228, 7.725],
			"to": [8.37209, 8.04728, 8.275],
			"rotation": {"angle": 0, "axis": "y", "origin": [8, 7.9877, 8.35625]},
			"faces": {
				"north": {"uv": [0, 0, 0.5, 0.5], "texture": "#1"},
				"east": {"uv": [0, 0, 6, 0.5], "texture": "#1"},
				"south": {"uv": [0, 0, 0.5, 0.5], "texture": "#1"},
				"west": {"uv": [0, 0, 6, 0.5], "texture": "#1"},
				"up": {"uv": [0, 0, 0.5, 6], "texture": "#1"},
				"down": {"uv": [0, 0, 0.5, 6], "texture": "#1"}
			}
		},
		{
			"from": [7.82209, 7.95978, 7.725],
			"to": [8.37209, 7.98478, 8.275],
			"rotation": {"angle": 0, "axis": "y", "origin": [8, 7.9877, 8.35625]},
			"faces": {
				"north": {"uv": [0, 0, 0.5, 0.5], "texture": "#1"},
				"east": {"uv": [0, 0, 6, 0.5], "texture": "#1"},
				"south": {"uv": [0, 0, 0.5, 0.5], "texture": "#1"},
				"west": {"uv": [0, 0, 6, 0.5], "texture": "#1"},
				"up": {"uv": [0, 0, 0.5, 6], "texture": "#1"},
				"down": {"uv": [0, 0, 0.5, 6], "texture": "#1"}
			}
		},
		{
			"from": [7.82209, 7.89728, 7.725],
			"to": [8.37209, 7.92228, 8.275],
			"rotation": {"angle": 0, "axis": "y", "origin": [8, 7.9877, 8.35625]},
			"faces": {
				"north": {"uv": [0, 0, 0.5, 0.5], "texture": "#1"},
				"east": {"uv": [0, 0, 6, 0.5], "texture": "#1"},
				"south": {"uv": [0, 0, 0.5, 0.5], "texture": "#1"},
				"west": {"uv": [0, 0, 6, 0.5], "texture": "#1"},
				"up": {"uv": [0, 0, 0.5, 6], "texture": "#1"},
				"down": {"uv": [0, 0, 0.5, 6], "texture": "#1"}
			}
		},
		{
			"from": [7.82209, 7.83478, 7.725],
			"to": [8.37209, 7.85978, 8.275],
			"rotation": {"angle": 0, "axis": "y", "origin": [8, 7.9877, 8.35625]},
			"faces": {
				"north": {"uv": [0, 0, 0.5, 0.5], "texture": "#1"},
				"east": {"uv": [0, 0, 6, 0.5], "texture": "#1"},
				"south": {"uv": [0, 0, 0.5, 0.5], "texture": "#1"},
				"west": {"uv": [0, 0, 6, 0.5], "texture": "#1"},
				"up": {"uv": [0, 0, 0.5, 6], "texture": "#1"},
				"down": {"uv": [0, 0, 0.5, 6], "texture": "#1"}
			}
		},
		{
			"from": [7.82209, 7.77228, 7.725],
			"to": [8.37209, 7.79728, 8.275],
			"rotation": {"angle": 0, "axis": "y", "origin": [8, 7.9877, 8.35625]},
			"faces": {
				"north": {"uv": [0, 0, 0.5, 0.5], "texture": "#1"},
				"east": {"uv": [0, 0, 6, 0.5], "texture": "#1"},
				"south": {"uv": [0, 0, 0.5, 0.5], "texture": "#1"},
				"west": {"uv": [0, 0, 6, 0.5], "texture": "#1"},
				"up": {"uv": [0, 0, 0.5, 6], "texture": "#1"},
				"down": {"uv": [0, 0, 0.5, 6], "texture": "#1"}
			}
		},
		{
			"from": [7.82209, 7.77228, 7.725],
			"to": [8.37209, 7.79728, 8.275],
			"rotation": {"angle": 0, "axis": "y", "origin": [8, 7.9877, 8.35625]},
			"faces": {
				"north": {"uv": [0, 0, 0.5, 0.5], "texture": "#1"},
				"east": {"uv": [0, 0, 6, 0.5], "texture": "#1"},
				"south": {"uv": [0, 0, 0.5, 0.5], "texture": "#1"},
				"west": {"uv": [0, 0, 6, 0.5], "texture": "#1"},
				"up": {"uv": [0, 0, 0.5, 6], "texture": "#1"},
				"down": {"uv": [0, 0, 0.5, 6], "texture": "#1"}
			}
		},
		{
			"from": [7.82209, 7.70978, 7.725],
			"to": [8.37209, 7.73478, 8.275],
			"rotation": {"angle": 0, "axis": "y", "origin": [8, 7.9877, 8.35625]},
			"faces": {
				"north": {"uv": [0, 0, 0.5, 0.5], "texture": "#1"},
				"east": {"uv": [0, 0, 6, 0.5], "texture": "#1"},
				"south": {"uv": [0, 0, 0.5, 0.5], "texture": "#1"},
				"west": {"uv": [0, 0, 6, 0.5], "texture": "#1"},
				"up": {"uv": [0, 0, 0.5, 6], "texture": "#1"},
				"down": {"uv": [0, 0, 0.5, 6], "texture": "#1"}
			}
		},
		{
			"from": [7.82209, 7.64728, 7.725],
			"to": [8.37209, 7.67228, 8.275],
			"rotation": {"angle": 0, "axis": "y", "origin": [8, 7.9877, 8.35625]},
			"faces": {
				"north": {"uv": [0, 0, 0.5, 0.5], "texture": "#1"},
				"east": {"uv": [0, 0, 6, 0.5], "texture": "#1"},
				"south": {"uv": [0, 0, 0.5, 0.5], "texture": "#1"},
				"west": {"uv": [0, 0, 6, 0.5], "texture": "#1"},
				"up": {"uv": [0, 0, 0.5, 6], "texture": "#1"},
				"down": {"uv": [0, 0, 0.5, 6], "texture": "#1"}
			}
		},
		{
			"from": [7.82209, 7.58478, 7.725],
			"to": [8.37209, 7.60978, 8.275],
			"rotation": {"angle": 0, "axis": "y", "origin": [8, 7.9877, 8.35625]},
			"faces": {
				"north": {"uv": [0, 0, 0.5, 0.5], "texture": "#1"},
				"east": {"uv": [0, 0, 6, 0.5], "texture": "#1"},
				"south": {"uv": [0, 0, 0.5, 0.5], "texture": "#1"},
				"west": {"uv": [0, 0, 6, 0.5], "texture": "#1"},
				"up": {"uv": [0, 0, 0.5, 6], "texture": "#1"},
				"down": {"uv": [0, 0, 0.5, 6], "texture": "#1"}
			}
		},
		{
			"from": [7.82209, 7.52228, 7.725],
			"to": [8.37209, 7.54728, 8.275],
			"rotation": {"angle": 0, "axis": "y", "origin": [8, 7.9877, 8.35625]},
			"faces": {
				"north": {"uv": [0, 0, 0.5, 0.5], "texture": "#1"},
				"east": {"uv": [0, 0, 6, 0.5], "texture": "#1"},
				"south": {"uv": [0, 0, 0.5, 0.5], "texture": "#1"},
				"west": {"uv": [0, 0, 6, 0.5], "texture": "#1"},
				"up": {"uv": [0, 0, 0.5, 6], "texture": "#1"},
				"down": {"uv": [0, 0, 0.5, 6], "texture": "#1"}
			}
		},
		{
			"from": [7.82209, 7.45978, 7.725],
			"to": [8.37209, 7.48478, 8.275],
			"rotation": {"angle": 0, "axis": "y", "origin": [8, 7.9877, 8.35625]},
			"faces": {
				"north": {"uv": [0, 0, 0.5, 0.5], "texture": "#1"},
				"east": {"uv": [0, 0, 6, 0.5], "texture": "#1"},
				"south": {"uv": [0, 0, 0.5, 0.5], "texture": "#1"},
				"west": {"uv": [0, 0, 6, 0.5], "texture": "#1"},
				"up": {"uv": [0, 0, 0.5, 6], "texture": "#1"},
				"down": {"uv": [0, 0, 0.5, 6], "texture": "#1"}
			}
		},
		{
			"from": [7.82209, 7.39728, 7.725],
			"to": [8.37209, 7.42228, 8.275],
			"rotation": {"angle": 0, "axis": "y", "origin": [8, 7.9877, 8.35625]},
			"faces": {
				"north": {"uv": [0, 0, 0.5, 0.5], "texture": "#1"},
				"east": {"uv": [0, 0, 6, 0.5], "texture": "#1"},
				"south": {"uv": [0, 0, 0.5, 0.5], "texture": "#1"},
				"west": {"uv": [0, 0, 6, 0.5], "texture": "#1"},
				"up": {"uv": [0, 0, 0.5, 6], "texture": "#1"},
				"down": {"uv": [0, 0, 0.5, 6], "texture": "#1"}
			}
		},
		{
			"from": [7.82209, 7.33478, 7.725],
			"to": [8.37209, 7.35978, 8.275],
			"rotation": {"angle": 0, "axis": "y", "origin": [8, 7.9877, 8.35625]},
			"faces": {
				"north": {"uv": [0, 0, 0.5, 0.5], "texture": "#1"},
				"east": {"uv": [0, 0, 6, 0.5], "texture": "#1"},
				"south": {"uv": [0, 0, 0.5, 0.5], "texture": "#1"},
				"west": {"uv": [0, 0, 6, 0.5], "texture": "#1"},
				"up": {"uv": [0, 0, 0.5, 6], "texture": "#1"},
				"down": {"uv": [0, 0, 0.5, 6], "texture": "#1"}
			}
		},
		{
			"from": [7.82209, 7.27228, 7.725],
			"to": [8.37209, 7.29728, 8.275],
			"rotation": {"angle": 0, "axis": "y", "origin": [8, 7.9877, 8.35625]},
			"faces": {
				"north": {"uv": [0, 0, 0.5, 0.5], "texture": "#1"},
				"east": {"uv": [0, 0, 6, 0.5], "texture": "#1"},
				"south": {"uv": [0, 0, 0.5, 0.5], "texture": "#1"},
				"west": {"uv": [0, 0, 6, 0.5], "texture": "#1"},
				"up": {"uv": [0, 0, 0.5, 6], "texture": "#1"},
				"down": {"uv": [0, 0, 0.5, 6], "texture": "#1"}
			}
		},
		{
			"from": [7.82209, 7.20978, 7.725],
			"to": [8.37209, 7.23478, 8.275],
			"rotation": {"angle": 0, "axis": "y", "origin": [8, 7.9877, 8.35625]},
			"faces": {
				"north": {"uv": [0, 0, 0.5, 0.5], "texture": "#1"},
				"east": {"uv": [0, 0, 6, 0.5], "texture": "#1"},
				"south": {"uv": [0, 0, 0.5, 0.5], "texture": "#1"},
				"west": {"uv": [0, 0, 6, 0.5], "texture": "#1"},
				"up": {"uv": [0, 0, 0.5, 6], "texture": "#1"},
				"down": {"uv": [0, 0, 0.5, 6], "texture": "#1"}
			}
		},
		{
			"from": [7.82209, 7.14728, 7.725],
			"to": [8.37209, 7.17228, 8.275],
			"rotation": {"angle": 0, "axis": "y", "origin": [8, 7.9877, 8.35625]},
			"faces": {
				"north": {"uv": [0, 0, 0.5, 0.5], "texture": "#1"},
				"east": {"uv": [0, 0, 6, 0.5], "texture": "#1"},
				"south": {"uv": [0, 0, 0.5, 0.5], "texture": "#1"},
				"west": {"uv": [0, 0, 6, 0.5], "texture": "#1"},
				"up": {"uv": [0, 0, 0.5, 6], "texture": "#1"},
				"down": {"uv": [0, 0, 0.5, 6], "texture": "#1"}
			}
		},
		{
			"from": [7.82209, 7.08478, 7.725],
			"to": [8.37209, 7.10978, 8.275],
			"rotation": {"angle": 0, "axis": "y", "origin": [8, 7.9877, 8.35625]},
			"faces": {
				"north": {"uv": [0, 0, 0.5, 0.5], "texture": "#1"},
				"east": {"uv": [0, 0, 6, 0.5], "texture": "#1"},
				"south": {"uv": [0, 0, 0.5, 0.5], "texture": "#1"},
				"west": {"uv": [0, 0, 6, 0.5], "texture": "#1"},
				"up": {"uv": [0, 0, 0.5, 6], "texture": "#1"},
				"down": {"uv": [0, 0, 0.5, 6], "texture": "#1"}
			}
		},
		{
			"from": [7.82209, 7.02228, 7.725],
			"to": [8.37209, 7.04728, 8.275],
			"rotation": {"angle": 0, "axis": "y", "origin": [8, 7.9877, 8.35625]},
			"faces": {
				"north": {"uv": [0, 0, 0.5, 0.5], "texture": "#1"},
				"east": {"uv": [0, 0, 6, 0.5], "texture": "#1"},
				"south": {"uv": [0, 0, 0.5, 0.5], "texture": "#1"},
				"west": {"uv": [0, 0, 6, 0.5], "texture": "#1"},
				"up": {"uv": [0, 0, 0.5, 6], "texture": "#1"},
				"down": {"uv": [0, 0, 0.5, 6], "texture": "#1"}
			}
		},
		{
			"from": [7.82209, 6.95978, 7.725],
			"to": [8.37209, 6.98478, 8.275],
			"rotation": {"angle": 0, "axis": "y", "origin": [8, 7.9877, 8.35625]},
			"faces": {
				"north": {"uv": [0, 0, 0.5, 0.5], "texture": "#1"},
				"east": {"uv": [0, 0, 6, 0.5], "texture": "#1"},
				"south": {"uv": [0, 0, 0.5, 0.5], "texture": "#1"},
				"west": {"uv": [0, 0, 6, 0.5], "texture": "#1"},
				"up": {"uv": [0, 0, 0.5, 6], "texture": "#1"},
				"down": {"uv": [0, 0, 0.5, 6], "texture": "#1"}
			}
		},
		{
			"from": [7.82209, 6.89728, 7.725],
			"to": [8.37209, 6.92228, 8.275],
			"rotation": {"angle": 0, "axis": "y", "origin": [8, 7.9877, 8.35625]},
			"faces": {
				"north": {"uv": [0, 0, 0.5, 0.5], "texture": "#1"},
				"east": {"uv": [0, 0, 6, 0.5], "texture": "#1"},
				"south": {"uv": [0, 0, 0.5, 0.5], "texture": "#1"},
				"west": {"uv": [0, 0, 6, 0.5], "texture": "#1"},
				"up": {"uv": [0, 0, 0.5, 6], "texture": "#1"},
				"down": {"uv": [0, 0, 0.5, 6], "texture": "#1"}
			}
		},
		{
			"from": [7.82209, 6.83478, 7.725],
			"to": [8.37209, 6.85978, 8.275],
			"rotation": {"angle": 0, "axis": "y", "origin": [8, 7.9877, 8.35625]},
			"faces": {
				"north": {"uv": [0, 0, 0.5, 0.5], "texture": "#1"},
				"east": {"uv": [0, 0, 6, 0.5], "texture": "#1"},
				"south": {"uv": [0, 0, 0.5, 0.5], "texture": "#1"},
				"west": {"uv": [0, 0, 6, 0.5], "texture": "#1"},
				"up": {"uv": [0, 0, 0.5, 6], "texture": "#1"},
				"down": {"uv": [0, 0, 0.5, 6], "texture": "#1"}
			}
		}
	],
	"display": {
		"thirdperson_righthand": {
			"translation": [0, 0.75, 1],
			"scale": [1.1, 1.1, 1.1]
		},
		"thirdperson_lefthand": {
			"translation": [0, 0.75, 1],
			"scale": [1.1, 1.1, 1.1]
		},
		"firstperson_righthand": {
			"rotation": [-6, 14, 0],
			"translation": [0.5, -0.5, -1.5],
			"scale": [3, 3, 3]
		},
		"firstperson_lefthand": {
			"rotation": [0, -17, 0],
			"translation": [1.75, -0.75, -1.5],
			"scale": [3, 3, 3]
		},
		"ground": {
			"scale": [2, 2, 2]
		},
		"gui": {
			"rotation": [-24, -22, -29],
			"translation": [0, 1, 0],
			"scale": [4, 4, 4]
		},
		"head": {
			"translation": [0, 6.75, 0],
			"scale": [4, 2, 4]
		},
		"fixed": {
			"translation": [0, 0, -0.75],
			"scale": [2, 2, 2]
		}
	}
}